predictor,no_tip_vs_generous_coef,no_tip_se,no_tip_sig,low_vs_generous_coef,low_se,low_sig,standard_vs_generous_coef,standard_se,standard_sig
(Intercept),-3.156,0.054,***,-2.390,0.043,***,-2.392,0.055,***
fare_amount,-0.025,0.002,***,0.018,0.002,***,0.003,0.003,
trip_distance,0.001,0.001,,-0.055,0.007,***,-0.005,0.012,
trip_duration_min,0.087,0.002,***,0.022,0.002,***,-0.001,0.003,
airport_pickup,-1.881,0.091,***,-0.309,0.062,***,-0.158,0.093,.
morning_vs_afternoon,-0.519,0.044,***,0.182,0.040,***,0.103,0.051,*
evening_vs_afternoon,-0.214,0.043,***,0.008,0.034,,0.037,0.043,
night_vs_afternoon,0.239,0.048,***,0.170,0.039,***,0.027,0.050,
weekend,0.266,0.037,***,0.102,0.030,***,-0.083,0.039,*
passenger_count,-0.239,0.032,***,-0.051,0.021,*,-0.005,0.027,
